Year,country_iso3,burnt_area_ha,number_of_fires,country_name
1980,PRT,44251.0,2349.0,Portugal
1981,PRT,89798.0,6730.0,Portugal
1982,PRT,39556.0,3626.0,Portugal
1983,PRT,47811.0,4539.0,Portugal
1984,PRT,52710.0,7356.0,Portugal
1985,PRT,146254.0,8441.0,Portugal
1986,PRT,89522.0,5036.0,Portugal
1987,PRT,76269.0,7705.0,Portugal
1988,PRT,22434.0,6131.0,Portugal
1989,PRT,126237.0,21896.0,Portugal
1990,PRT,137252.0,10745.0,Portugal
1991,PRT,182486.0,14327.0,Portugal
1992,PRT,57011.0,14954.0,Portugal
1993,PRT,49963.0,16101.0,Portugal
1994,PRT,77323.0,19983.0,Portugal
1995,PRT,169612.0,34116.0,Portugal
1996,PRT,88867.0,28626.0,Portugal
1997,PRT,30535.0,23497.0,Portugal
1998,PRT,158369.0,34676.0,Portugal
1999,PRT,70613.0,25477.0,Portugal
2000,PRT,159605.0,34109.0,Portugal
2001,PRT,117420.0,28915.0,Portugal
2002,PRT,130849.0,28993.0,Portugal
2003,PRT,471750.0,28087.0,Portugal
2004,PRT,151370.0,27829.0,Portugal
2005,PRT,346718.0,41689.0,Portugal
2006,PRT,83706.0,24243.0,Portugal
2007,PRT,36413.0,25133.0,Portugal
2008,PRT,19897.0,18958.0,Portugal
2009,PRT,92126.0,29783.0,Portugal
2010,PRT,140953.0,26113.0,Portugal
2011,PRT,77104.0,29782.0,Portugal
2012,PRT,117985.0,25352.0,Portugal
2013,PRT,160388.0,23129.0,Portugal
2014,PRT,22820.0,9388.0,Portugal
2015,PRT,67200.0,19643.0,Portugal
2016,PRT,167808.0,16104.0,Portugal
2017,PRT,539921.0,21006.0,Portugal
2018,PRT,44578.0,12274.0,Portugal
2019,PRT,42085.0,10832.0,Portugal
2020,PRT,67170.0,9619.0,Portugal
2021,PRT,28360.0,8186.0,Portugal
2022,PRT,110097.0,10390.0,Portugal
2023,PRT,34510.0,7523.0,Portugal
2024,PRT,137651.0,6255.0,Portugal
1980,ESP,263017.0,7190.0,Spain
1981,ESP,298288.0,10878.0,Spain
1982,ESP,152903.0,6545.0,Spain
1983,ESP,108100.0,4791.0,Spain
1984,ESP,165119.0,7203.0,Spain
1985,ESP,484476.0,12238.0,Spain
1986,ESP,264887.0,7570.0,Spain
1987,ESP,146662.0,8679.0,Spain
1988,ESP,137734.0,9247.0,Spain
1989,ESP,426693.0,20811.0,Spain
1990,ESP,203032.0,12913.0,Spain
1991,ESP,260318.0,13531.0,Spain
1992,ESP,105277.0,15955.0,Spain
1993,ESP,89267.0,14254.0,Spain
1994,ESP,437635.0,19263.0,Spain
1995,ESP,143484.0,25827.0,Spain
1996,ESP,59814.0,16771.0,Spain
1997,ESP,98503.0,22320.0,Spain
1998,ESP,133643.0,22446.0,Spain
1999,ESP,82217.0,18237.0,Spain
2000,ESP,188586.0,24118.0,Spain
2001,ESP,93297.0,19547.0,Spain
2002,ESP,107464.0,19929.0,Spain
2003,ESP,148172.0,18616.0,Spain
2004,ESP,134193.0,21396.0,Spain
2005,ESP,188697.0,25492.0,Spain
2006,ESP,155345.0,16354.0,Spain
2007,ESP,86122.0,10936.0,Spain
2008,ESP,50322.0,11655.0,Spain
2009,ESP,120094.0,15643.0,Spain
2010,ESP,54770.0,11721.0,Spain
2011,ESP,102161.0,16414.0,Spain
2012,ESP,226125.0,17503.0,Spain
2013,ESP,58985.0,10626.0,Spain
2014,ESP,46721.0,9771.0,Spain
2015,ESP,103200.0,11928.0,Spain
2016,ESP,65817.0,8817.0,Spain
2017,ESP,178234.0,13793.0,Spain
2018,ESP,25162.0,7143.0,Spain
2019,ESP,83963.0,10883.0,Spain
2020,ESP,65923.0,7745.0,Spain
2021,ESP,87880.0,8780.0,Spain
2022,ESP,267947.0,10507.0,Spain
2023,ESP,89068.0,7748.0,Spain
2024,ESP,47711.13,6134.0,Spain
1980,FRA,22176.0,5040.0,France
1981,FRA,27711.0,5173.0,France
1982,FRA,55145.0,5308.0,France
1983,FRA,53729.0,4659.0,France
1984,FRA,27202.0,5672.0,France
1985,FRA,57368.0,6249.0,France
1986,FRA,51860.0,4353.0,France
1987,FRA,14108.0,3043.0,France
1988,FRA,6701.0,2837.0,France
1989,FRA,75566.0,6763.0,France
1990,FRA,72625.0,5881.0,France
1991,FRA,10130.0,3888.0,France
1992,FRA,16593.0,4002.0,France
1993,FRA,16698.0,4769.0,France
1994,FRA,24995.0,4618.0,France
1995,FRA,18137.0,6563.0,France
1996,FRA,11400.0,6401.0,France
1997,FRA,21581.0,8005.0,France
1998,FRA,19282.0,6289.0,France
1999,FRA,15906.0,4960.0,France
2000,FRA,24078.0,4603.0,France
2001,FRA,20642.0,4309.0,France
2002,FRA,30160.0,4097.0,France
2003,FRA,73278.0,7023.0,France
2004,FRA,13711.0,3775.0,France
2005,FRA,22135.0,4698.0,France
2006,FRA,7026.0,3231.0,France
2007,FRA,7057.0,2690.0,France
2008,FRA,4710.0,1801.0,France
2009,FRA,14612.0,3012.0,France
2010,FRA,8524.0,2443.0,France
2011,FRA,6800.0,2774.0,France
2012,FRA,7584.0,2763.0,France
2013,FRA,2735.0,1510.0,France
2014,FRA,4735.0,1730.0,France
2015,FRA,8169.0,2898.0,France
2016,FRA,14101.0,2775.0,France
2017,FRA,23093.0,3220.0,France
2018,FRA,3940.0,1634.0,France
2019,FRA,13394.0,2949.0,France
2020,FRA,10722.0,2760.0,France
2021,FRA,12779.0,2332.0,France
2022,FRA,58123.0,4215.0,France
2023,FRA,5361.0,2666.0,France
2024,FRA,2949.0,1452.0,France
1980,ITA,143919.0,11963.0,Italy
1981,ITA,229850.0,14503.0,Italy
1982,ITA,130456.0,9557.0,Italy
1983,ITA,212678.0,7956.0,Italy
1984,ITA,75272.0,8482.0,Italy
1985,ITA,190640.0,18664.0,Italy
1986,ITA,86420.0,9398.0,Italy
1987,ITA,120697.0,11972.0,Italy
1988,ITA,186405.0,13588.0,Italy
1989,ITA,95161.0,9669.0,Italy
1990,ITA,195319.0,14477.0,Italy
1991,ITA,99860.0,11965.0,Italy
1992,ITA,105692.0,14641.0,Italy
1993,ITA,203749.0,14412.0,Italy
1994,ITA,136334.0,11588.0,Italy
1995,ITA,48884.0,7378.0,Italy
1996,ITA,57988.0,9093.0,Italy
1997,ITA,111230.0,11612.0,Italy
1998,ITA,155553.0,9540.0,Italy
1999,ITA,71117.0,6932.0,Italy
2000,ITA,114648.0,8595.0,Italy
2001,ITA,76427.0,7134.0,Italy
2002,ITA,40791.0,4601.0,Italy
2003,ITA,91805.0,9697.0,Italy
2004,ITA,60176.0,6428.0,Italy
2005,ITA,47575.0,7951.0,Italy
2006,ITA,39946.0,5634.0,Italy
2007,ITA,227729.0,10639.0,Italy
2008,ITA,66329.0,6486.0,Italy
2009,ITA,73355.0,5422.0,Italy
2010,ITA,46537.0,4884.0,Italy
2011,ITA,72004.0,8181.0,Italy
2012,ITA,130814.0,8252.0,Italy
2013,ITA,29076.0,2936.0,Italy
2014,ITA,36125.0,3257.0,Italy
2015,ITA,41511.0,5442.0,Italy
2016,ITA,65503.0,5818.0,Italy
2017,ITA,161987.0,7855.0,Italy
2018,ITA,19481.0,3220.0,Italy
2019,ITA,36034.0,4351.0,Italy
2020,ITA,55656.0,4865.0,Italy
2021,ITA,151964.0,5989.0,Italy
2022,ITA,71694.0,6529.0,Italy
2023,ITA,88806.0,4265.0,Italy
2024,ITA,52623.0,3784.0,Italy
1980,GRC,32965.0,1207.0,Greece
1981,GRC,81417.0,1159.0,Greece
1982,GRC,27372.0,1045.0,Greece
1983,GRC,19613.0,968.0,Greece
1984,GRC,33655.0,1284.0,Greece
1985,GRC,105450.0,1442.0,Greece
1986,GRC,24514.0,1082.0,Greece
1987,GRC,46315.0,1266.0,Greece
1988,GRC,110501.0,1898.0,Greece
1989,GRC,42363.0,1284.0,Greece
1990,GRC,38594.0,1322.0,Greece
1991,GRC,13046.0,858.0,Greece
1992,GRC,71410.0,2582.0,Greece
1993,GRC,54049.0,2406.0,Greece
1994,GRC,57908.0,1763.0,Greece
1995,GRC,27202.0,1438.0,Greece
1996,GRC,25310.0,1508.0,Greece
1997,GRC,52373.0,2273.0,Greece
1998,GRC,92901.0,1842.0,Greece
1999,GRC,8289.0,1486.0,Greece
2000,GRC,145033.0,2581.0,Greece
2001,GRC,18221.0,2535.0,Greece
2002,GRC,6013.0,1141.0,Greece
2003,GRC,3517.0,1452.0,Greece
2004,GRC,10267.0,1748.0,Greece
2005,GRC,6437.0,1544.0,Greece
2006,GRC,12661.0,1417.0,Greece
2007,GRC,225734.0,1983.0,Greece
2008,GRC,29152.0,1481.0,Greece
2009,GRC,35342.0,1063.0,Greece
2010,GRC,8967.0,1052.0,Greece
2011,GRC,29144.0,1613.0,Greece
2012,GRC,59924.0,1559.0,Greece
2013,GRC,46676.0,862.0,Greece
2014,GRC,25846.0,552.0,Greece
2015,GRC,7096.0,510.0,Greece
2016,GRC,26540.0,777.0,Greece
2017,GRC,13393.0,1083.0,Greece
2018,GRC,15464.0,793.0,Greece
2019,GRC,9153.0,657.0,Greece
2020,GRC,9300.0,1060.0,Greece
2021,GRC,108418.0,1250.0,Greece
2022,GRC,18807.0,962.0,Greece
2023,GRC,136499.0,941.0,Greece
2024,GRC,28288.46,981.0,Greece
2011,DZA,13593.0,2487.0,Algeria
2012,DZA,99061.0,5110.0,Algeria
2013,DZA,13396.0,2443.0,Algeria
2014,DZA,43125.0,4629.0,Algeria
2015,DZA,13010.0,2383.0,Algeria
2016,DZA,18370.0,3150.0,Algeria
2017,DZA,53975.0,2992.0,Algeria
2018,DZA,2312.0,797.0,Algeria
2019,DZA,21048.0,2278.0,Algeria
2020,DZA,43918.0,3493.0,Algeria
2021,DZA,100101.0,1631.0,Algeria
2022,DZA,27685.0,1607.0,Algeria
1993,AUT,85.0,112.0,Austria
1994,AUT,80.0,105.0,Austria
1995,AUT,43.0,54.0,Austria
1996,AUT,8.0,26.0,Austria
1997,AUT,28.0,42.0,Austria
1998,AUT,101.0,71.0,Austria
1999,AUT,6.0,16.0,Austria
2000,AUT,32.0,42.0,Austria
2001,AUT,20.0,54.0,Austria
2002,AUT,112.0,108.0,Austria
2003,AUT,122.0,238.0,Austria
2004,AUT,19.0,72.0,Austria
2005,AUT,13.0,85.0,Austria
2006,AUT,54.0,133.0,Austria
2007,AUT,54.0,256.0,Austria
2008,AUT,20.0,185.0,Austria
2009,AUT,58.0,138.0,Austria
2010,AUT,36.0,144.0,Austria
2011,AUT,67.0,267.0,Austria
2012,AUT,48.0,259.0,Austria
2013,AUT,102.0,199.0,Austria
2014,AUT,92.0,146.0,Austria
2015,AUT,114.0,280.0,Austria
2016,AUT,23.0,141.0,Austria
2017,AUT,25.0,278.0,Austria
2018,AUT,19.0,174.0,Austria
2019,AUT,20.0,244.0,Austria
2020,AUT,60.0,234.0,Austria
2021,AUT,117.0,164.0,Austria
2022,AUT,550.0,217.0,Austria
2023,AUT,21.0,119.0,Austria
2024,AUT,142.0,595.0,Austria
1991,BGR,511.0,73.0,Bulgaria
1992,BGR,5243.0,602.0,Bulgaria
1993,BGR,18164.0,1196.0,Bulgaria
1994,BGR,18100.0,667.0,Bulgaria
1995,BGR,550.0,114.0,Bulgaria
1996,BGR,906.0,246.0,Bulgaria
1997,BGR,595.0,200.0,Bulgaria
1998,BGR,6967.0,578.0,Bulgaria
1999,BGR,8291.0,320.0,Bulgaria
2000,BGR,57406.0,1710.0,Bulgaria
2001,BGR,20152.0,825.0,Bulgaria
2002,BGR,6513.0,402.0,Bulgaria
2003,BGR,5000.0,452.0,Bulgaria
2004,BGR,1137.0,294.0,Bulgaria
2005,BGR,1456.0,241.0,Bulgaria
2006,BGR,3540.0,393.0,Bulgaria
2007,BGR,42999.0,1479.0,Bulgaria
2008,BGR,5289.0,582.0,Bulgaria
2009,BGR,2271.0,314.0,Bulgaria
2010,BGR,6526.0,222.0,Bulgaria
2011,BGR,6883.0,635.0,Bulgaria
2012,BGR,12730.0,876.0,Bulgaria
2013,BGR,3314.0,408.0,Bulgaria
2014,BGR,916.0,151.0,Bulgaria
2015,BGR,4313.0,429.0,Bulgaria
2016,BGR,6340.0,584.0,Bulgaria
2017,BGR,4569.0,513.0,Bulgaria
2018,BGR,1453.0,222.0,Bulgaria
2019,BGR,5620.0,668.0,Bulgaria
2020,BGR,5258.0,499.0,Bulgaria
2021,BGR,3143.0,349.0,Bulgaria
2022,BGR,8126.0,516.0,Bulgaria
2023,BGR,6388.0,448.0,Bulgaria
2024,BGR,17116.0,106.0,Bulgaria
1992,HRV,11131.0,325.0,Croatia
1993,HRV,20157.0,372.0,Croatia
1994,HRV,7936.0,181.0,Croatia
1995,HRV,4651.0,109.0,Croatia
1996,HRV,11214.0,305.0,Croatia
1997,HRV,11122.0,305.0,Croatia
1998,HRV,32056.0,441.0,Croatia
1999,HRV,6053.0,223.0,Croatia
2000,HRV,68171.0,706.0,Croatia
2001,HRV,16169.0,299.0,Croatia
2002,HRV,4853.0,176.0,Croatia
2003,HRV,27091.0,532.0,Croatia
2004,HRV,3378.0,204.0,Croatia
2005,HRV,3135.0,147.0,Croatia
2006,HRV,4575.0,181.0,Croatia
2007,HRV,20209.0,345.0,Croatia
2008,HRV,7343.0,275.0,Croatia
2009,HRV,2900.0,181.0,Croatia
2010,HRV,1121.0,131.0,Croatia
2011,HRV,15555.0,280.0,Croatia
2012,HRV,24804.0,569.0,Croatia
2013,HRV,1999.0,137.0,Croatia
2014,HRV,188.0,43.0,Croatia
2015,HRV,9416.0,177.0,Croatia
2016,HRV,7100.0,151.0,Croatia
2017,HRV,48543.0,329.0,Croatia
2018,HRV,1506.0,54.0,Croatia
2019,HRV,2180.0,123.0,Croatia
2020,HRV,23994.0,142.0,Croatia
2021,HRV,6660.0,116.0,Croatia
2022,HRV,24226.0,245.0,Croatia
2023,HRV,1837.0,48.0,Croatia
2024,HRV,14607.0,106.0,Croatia
2000,CYP,8034.0,285.0,Cyprus
2001,CYP,4830.0,299.0,Cyprus
2002,CYP,2196.0,243.0,Cyprus
2003,CYP,2349.0,427.0,Cyprus
2004,CYP,1218.0,221.0,Cyprus
2005,CYP,1838.0,185.0,Cyprus
2006,CYP,1160.0,172.0,Cyprus
2007,CYP,4483.0,111.0,Cyprus
2008,CYP,2392.0,114.0,Cyprus
2009,CYP,885.0,91.0,Cyprus
2010,CYP,2000.0,133.0,Cyprus
2011,CYP,1599.0,85.0,Cyprus
2012,CYP,2531.0,78.0,Cyprus
2013,CYP,2835.0,135.0,Cyprus
2014,CYP,669.0,68.0,Cyprus
2015,CYP,652.0,87.0,Cyprus
2016,CYP,3205.0,119.0,Cyprus
2017,CYP,428.0,92.0,Cyprus
2018,CYP,1136.0,131.0,Cyprus
2019,CYP,733.0,99.0,Cyprus
2020,CYP,1305.0,108.0,Cyprus
2021,CYP,6612.0,111.0,Cyprus
2022,CYP,685.0,89.0,Cyprus
2023,CYP,2216.0,131.0,Cyprus
2024,CYP,3425.0,121.0,Cyprus
1995,CZE,403.0,1331.0,Czechia
1996,CZE,2043.0,1421.0,Czechia
1997,CZE,359.0,1398.0,Czechia
1998,CZE,1132.0,2563.0,Czechia
1999,CZE,336.0,1402.0,Czechia
2000,CZE,375.0,1499.0,Czechia
2001,CZE,87.0,483.0,Czechia
2002,CZE,178.0,604.0,Czechia
2003,CZE,1236.0,1754.0,Czechia
2004,CZE,335.0,873.0,Czechia
2005,CZE,227.0,619.0,Czechia
2006,CZE,53.0,697.0,Czechia
2007,CZE,316.0,805.0,Czechia
2008,CZE,86.0,470.0,Czechia
2009,CZE,178.0,514.0,Czechia
2010,CZE,205.0,732.0,Czechia
2011,CZE,337.0,1337.0,Czechia
2012,CZE,634.0,1549.0,Czechia
2013,CZE,92.0,666.0,Czechia
2014,CZE,536.0,865.0,Czechia
2015,CZE,344.0,1748.0,Czechia
2016,CZE,141.0,892.0,Czechia
2017,CZE,170.0,966.0,Czechia
2018,CZE,492.0,2033.0,Czechia
2019,CZE,520.0,1963.0,Czechia
2020,CZE,484.0,2081.0,Czechia
2021,CZE,411.0,1517.0,Czechia
2022,CZE,1715.0,2473.0,Czechia
2023,CZE,217.0,1512.0,Czechia
2024,CZE,140.4,1284.0,Czechia
2000,EST,684.0,158.0,Estonia
2001,EST,62.0,91.0,Estonia
2002,EST,2082.0,356.0,Estonia
2003,EST,207.0,111.0,Estonia
2004,EST,379.0,89.0,Estonia
2005,EST,85.0,65.0,Estonia
2006,EST,2638.0,248.0,Estonia
2007,EST,292.0,64.0,Estonia
2008,EST,1279.0,71.0,Estonia
2009,EST,59.0,47.0,Estonia
2010,EST,25.0,30.0,Estonia
2011,EST,19.0,24.0,Estonia
2012,EST,3.0,5.0,Estonia
2013,EST,79.0,15.0,Estonia
2014,EST,77.0,91.0,Estonia
2015,EST,83.0,67.0,Estonia
2016,EST,123.0,84.0,Estonia
2017,EST,33.0,61.0,Estonia
2018,EST,430.0,230.0,Estonia
2019,EST,69.0,143.0,Estonia
2020,EST,191.0,24.0,Estonia
2021,EST,33.0,32.0,Estonia
2022,EST,20.0,26.0,Estonia
2023,EST,75.0,33.0,Estonia
2024,EST,16.6,25.0,Estonia
1996,FIN,433.0,1475.0,Finland
1997,FIN,1146.0,1585.0,Finland
1998,FIN,131.0,370.0,Finland
1999,FIN,609.0,1528.0,Finland
2000,FIN,266.0,826.0,Finland
2001,FIN,187.0,822.0,Finland
2002,FIN,590.0,2546.0,Finland
2003,FIN,666.0,1734.0,Finland
2004,FIN,358.0,816.0,Finland
2005,FIN,495.0,1069.0,Finland
2006,FIN,1617.0,3046.0,Finland
2007,FIN,576.0,1204.0,Finland
2008,FIN,830.0,1456.0,Finland
2009,FIN,576.0,1242.0,Finland
2010,FIN,520.0,1412.0,Finland
2011,FIN,580.0,1215.0,Finland
2012,FIN,86.5,417.0,Finland
2013,FIN,461.4,1452.0,Finland
2014,FIN,881.0,1660.0,Finland
2015,FIN,143.0,745.0,Finland
2016,FIN,310.0,933.0,Finland
2017,FIN,460.0,881.0,Finland
2018,FIN,1228.0,2427.0,Finland
2019,FIN,565.0,1458.0,Finland
2020,FIN,719.0,1260.0,Finland
2021,FIN,785.0,1231.0,Finland
2022,FIN,267.0,1129.0,Finland
2023,FIN,383.0,1346.0,Finland
2024,FIN,390.0,1260.0,Finland
1991,DEU,920.0,1846.0,Germany
1992,DEU,4908.0,3012.0,Germany
1993,DEU,1493.0,1694.0,Germany
1994,DEU,1114.0,1696.0,Germany
1995,DEU,592.0,1237.0,Germany
1996,DEU,1381.0,1748.0,Germany
1997,DEU,599.0,1467.0,Germany
1998,DEU,397.0,1032.0,Germany
1999,DEU,415.0,1178.0,Germany
2000,DEU,581.0,1210.0,Germany
2001,DEU,122.0,587.0,Germany
2002,DEU,122.0,513.0,Germany
2003,DEU,1315.0,2524.0,Germany
2004,DEU,274.0,626.0,Germany
2005,DEU,183.0,496.0,Germany
2006,DEU,482.0,930.0,Germany
2007,DEU,256.0,779.0,Germany
2008,DEU,539.0,818.0,Germany
2009,DEU,262.0,763.0,Germany
2010,DEU,522.0,780.0,Germany
2011,DEU,214.0,888.0,Germany
2012,DEU,269.0,701.0,Germany
2013,DEU,199.0,515.0,Germany
2014,DEU,120.0,429.0,Germany
2015,DEU,526.0,1071.0,Germany
2016,DEU,283.0,608.0,Germany
2017,DEU,395.0,424.0,Germany
2018,DEU,2349.0,1708.0,Germany
2019,DEU,2711.0,1523.0,Germany
2020,DEU,368.0,1360.0,Germany
2021,DEU,148.0,548.0,Germany
2022,DEU,3058.0,2397.0,Germany
2023,DEU,1240.0,1059.0,Germany
2024,DEU,334.0,563.0,Germany
1999,HUN,756.0,229.0,Hungary
2000,HUN,1595.0,811.0,Hungary
2001,HUN,,419.0,Hungary
2002,HUN,1227.0,382.0,Hungary
2003,HUN,845.0,375.0,Hungary
2004,HUN,247.0,104.0,Hungary
2005,HUN,3531.0,150.0,Hungary
2006,HUN,625.0,97.0,Hungary
2007,HUN,4636.0,603.0,Hungary
2008,HUN,2404.0,502.0,Hungary
2009,HUN,6463.0,608.0,Hungary
2010,HUN,878.0,109.0,Hungary
2011,HUN,8055.0,2021.0,Hungary
2012,HUN,14115.0,2657.0,Hungary
2013,HUN,1955.0,761.0,Hungary
2014,HUN,4454.0,1042.0,Hungary
2015,HUN,4730.0,1069.0,Hungary
2016,HUN,974.0,452.0,Hungary
2017,HUN,4933.0,1454.0,Hungary
2018,HUN,906.0,530.0,Hungary
2019,HUN,6541.0,2088.0,Hungary
2020,HUN,2895.0,1239.0,Hungary
2021,HUN,2413.0,1154.0,Hungary
2022,HUN,20947.0,2731.0,Hungary
2023,HUN,911.0,675.0,Hungary
2024,HUN,2799.0,582.0,Hungary
1990,LVA,258.0,604.0,Latvia
1991,LVA,69.0,225.0,Latvia
1992,LVA,8412.0,1510.0,Latvia
1993,LVA,570.0,965.0,Latvia
1994,LVA,326.0,763.0,Latvia
1995,LVA,535.0,582.0,Latvia
1996,LVA,927.0,1095.0,Latvia
1997,LVA,448.0,768.0,Latvia
1998,LVA,211.0,357.0,Latvia
1999,LVA,1544.0,1196.0,Latvia
2000,LVA,1341.0,915.0,Latvia
2001,LVA,311.0,272.0,Latvia
2002,LVA,2222.0,1720.0,Latvia
2003,LVA,559.0,900.0,Latvia
2004,LVA,486.0,647.0,Latvia
2005,LVA,120.0,365.0,Latvia
2006,LVA,3387.0,1929.0,Latvia
2007,LVA,272.0,425.0,Latvia
2008,LVA,364.0,700.0,Latvia
2009,LVA,646.0,823.0,Latvia
2010,LVA,92.0,316.0,Latvia
2011,LVA,115.0,360.0,Latvia
2012,LVA,90.0,162.0,Latvia
2013,LVA,217.0,422.0,Latvia
2014,LVA,591.0,698.0,Latvia
2015,LVA,615.0,704.0,Latvia
2016,LVA,467.0,641.0,Latvia
2017,LVA,265.0,423.0,Latvia
2018,LVA,2864.0,972.0,Latvia
2019,LVA,805.0,1107.0,Latvia
2020,LVA,309.0,581.0,Latvia
2021,LVA,504.0,448.0,Latvia
2022,LVA,217.0,369.0,Latvia
2023,LVA,622.0,571.0,Latvia
2024,LVA,63.0,222.0,Latvia
2015,LBN,753.0,107.0,Lebanon
2016,LBN,1871.0,260.0,Lebanon
2017,LBN,264.0,92.0,Lebanon
2018,LBN,643.0,41.0,Lebanon
2019,LBN,3155.0,194.0,Lebanon
2020,LBN,1851.0,251.0,Lebanon
2021,LBN,1508.0,131.0,Lebanon
2022,LBN,79.0,22.0,Lebanon
2023,LBN,132.0,23.0,Lebanon
1992,LTU,769.0,1180.0,Lithuania
1993,LTU,274.0,634.0,Lithuania
1994,LTU,279.0,715.0,Lithuania
1995,LTU,321.0,472.0,Lithuania
1996,LTU,478.0,894.0,Lithuania
1997,LTU,226.0,565.0,Lithuania
1998,LTU,93.0,258.0,Lithuania
1999,LTU,494.0,1022.0,Lithuania
2000,LTU,352.0,654.0,Lithuania
2001,LTU,113.0,287.0,Lithuania
2002,LTU,746.0,1596.0,Lithuania
2003,LTU,436.0,885.0,Lithuania
2004,LTU,253.0,468.0,Lithuania
2005,LTU,51.0,301.0,Lithuania
2006,LTU,1199.0,1545.0,Lithuania
2007,LTU,38.0,251.0,Lithuania
2008,LTU,112.0,301.0,Lithuania
2009,LTU,287.0,471.0,Lithuania
2010,LTU,22.0,104.0,Lithuania
2011,LTU,293.0,142.0,Lithuania
2012,LTU,20.0,81.0,Lithuania
2013,LTU,25.0,123.0,Lithuania
2014,LTU,162.0,155.0,Lithuania
2015,LTU,71.0,247.0,Lithuania
2016,LTU,26.0,98.0,Lithuania
2017,LTU,53.0,80.0,Lithuania
2018,LTU,110.0,211.0,Lithuania
2019,LTU,200.0,279.0,Lithuania
2020,LTU,64.0,157.0,Lithuania
2021,LTU,11.0,46.0,Lithuania
2022,LTU,53.0,81.0,Lithuania
2023,LTU,60.0,167.0,Lithuania
2024,LTU,49.47,110.0,Lithuania
1990,MAR,2118.0,179.0,Morocco
1991,MAR,3965.0,247.0,Morocco
1992,MAR,2579.0,182.0,Morocco
1993,MAR,3078.0,187.0,Morocco
1994,MAR,6072.0,417.0,Morocco
1995,MAR,7018.0,528.0,Morocco
1996,MAR,1185.0,220.0,Morocco
1997,MAR,3845.0,391.0,Morocco
1998,MAR,1855.0,416.0,Morocco
1999,MAR,1688.0,385.0,Morocco
2000,MAR,4064.0,321.0,Morocco
2001,MAR,1806.0,327.0,Morocco
2002,MAR,593.0,202.0,Morocco
2003,MAR,2858.0,392.0,Morocco
2004,MAR,8660.0,714.0,Morocco
2005,MAR,6198.0,662.0,Morocco
2006,MAR,5360.0,381.0,Morocco
2007,MAR,1367.0,340.0,Morocco
2008,MAR,1127.0,273.0,Morocco
2009,MAR,3108.0,501.0,Morocco
2010,MAR,5511.0,629.0,Morocco
2011,MAR,3460.0,606.0,Morocco
2012,MAR,6695.0,484.0,Morocco
2013,MAR,2207.0,411.0,Morocco
2014,MAR,1540.0,460.0,Morocco
2015,MAR,992.0,425.0,Morocco
2016,MAR,2585.0,422.0,Morocco
2017,MAR,2414.0,433.0,Morocco
2018,MAR,841.0,343.0,Morocco
2019,MAR,3232.0,529.0,Morocco
2020,MAR,5569.0,514.0,Morocco
2021,MAR,3064.0,435.0,Morocco
2022,MAR,22762.0,499.0,Morocco
2023,MAR,6246.0,466.0,Morocco
2024,MAR,874.0,382.0,Morocco
2017,NLD,232.0,321.0,Netherlands
2018,NLD,639.0,949.0,Netherlands
2019,NLD,250.0,548.0,Netherlands
2020,NLD,1072.0,724.0,Netherlands
2021,NLD,18.0,212.0,Netherlands
2022,NLD,220.0,916.0,Netherlands
2023,NLD,116.0,405.0,Netherlands
2024,NLD,17.0,222.0,Netherlands
2007,MKD,32665.0,652.0,North Macedonia
2008,MKD,5915.0,573.0,North Macedonia
2009,MKD,1307.0,80.0,North Macedonia
2010,MKD,737.0,99.0,North Macedonia
2011,MKD,17308.0,523.0,North Macedonia
2012,MKD,10021.0,483.0,North Macedonia
2013,MKD,3027.0,186.0,North Macedonia
2014,MKD,846.0,62.0,North Macedonia
2015,MKD,1798.0,106.0,North Macedonia
2016,MKD,450.0,60.0,North Macedonia
2017,MKD,5619.0,301.0,North Macedonia
2018,MKD,95.0,19.0,North Macedonia
2019,MKD,4834.0,251.0,North Macedonia
2020,MKD,68.0,48.0,North Macedonia
2021,MKD,6796.0,113.0,North Macedonia
2022,MKD,199.0,50.0,North Macedonia
2023,MKD,529.0,104.0,North Macedonia
2024,MKD,61061.0,250.0,North Macedonia
2001,NOR,895.0,117.0,Norway
2002,NOR,221.0,213.0,Norway
2003,NOR,942.0,198.0,Norway
2004,NOR,117.0,119.0,Norway
2005,NOR,346.0,122.0,Norway
2006,NOR,3829.0,205.0,Norway
2007,NOR,128.0,65.0,Norway
2008,NOR,3174.0,171.0,Norway
2009,NOR,1329.0,109.0,Norway
2010,NOR,769.0,62.0,Norway
2011,NOR,121.0,49.0,Norway
2012,NOR,60.0,24.0,Norway
2013,NOR,47.0,42.0,Norway
2014,NOR,770.0,133.0,Norway
2015,NOR,143.0,29.0,Norway
2016,NOR,1884.0,345.0,Norway
2017,NOR,525.0,264.0,Norway
2018,NOR,3279.0,887.0,Norway
2019,NOR,3077.0,261.0,Norway
2020,NOR,363.0,609.0,Norway
2021,NOR,653.0,653.0,Norway
2022,NOR,2455.0,1275.0,Norway
2023,NOR,3059.0,1251.0,Norway
2024,NOR,887.0,776.0,Norway
1990,POL,7341.0,5756.0,Poland
1991,POL,2567.0,3528.0,Poland
1992,POL,43755.0,11858.0,Poland
1993,POL,8290.0,8821.0,Poland
1994,POL,9325.0,10705.0,Poland
1995,POL,5403.0,7678.0,Poland
1996,POL,14537.0,7923.0,Poland
1997,POL,6766.0,6817.0,Poland
1998,POL,4222.0,6165.0,Poland
1999,POL,8629.0,9820.0,Poland
2000,POL,7089.0,12426.0,Poland
2001,POL,3466.0,4480.0,Poland
2002,POL,5210.0,10101.0,Poland
2003,POL,21551.0,17087.0,Poland
2004,POL,3782.0,7006.0,Poland
2005,POL,5713.0,12049.0,Poland
2006,POL,5657.0,11541.0,Poland
2007,POL,2841.0,8302.0,Poland
2008,POL,3027.0,9090.0,Poland
2009,POL,4400.0,9162.0,Poland
2010,POL,2126.0,4680.0,Poland
2011,POL,2678.0,8172.0,Poland
2012,POL,7235.0,9265.0,Poland
2013,POL,1289.0,4883.0,Poland
2014,POL,2690.0,5245.0,Poland
2015,POL,5510.0,12257.0,Poland
2016,POL,1451.0,5286.0,Poland
2017,POL,1023.0,3592.0,Poland
2018,POL,2696.0,8867.0,Poland
2019,POL,3572.0,9635.0,Poland
2020,POL,8417.0,6627.0,Poland
2021,POL,894.0,3295.0,Poland
2022,POL,2853.0,6999.0,Poland
2023,POL,1129.0,4908.0,Poland
2024,POL,1357.8,5857.0,Poland
1990,ROU,444.0,131.0,Romania
1991,ROU,277.0,42.0,Romania
1992,ROU,729.0,187.0,Romania
1993,ROU,518.0,159.0,Romania
1994,ROU,312.0,121.0,Romania
1995,ROU,208.0,62.0,Romania
1996,ROU,227.0,72.0,Romania
1997,ROU,68.0,37.0,Romania
1998,ROU,137.0,59.0,Romania
1999,ROU,379.0,138.0,Romania
2000,ROU,3607.0,688.0,Romania
2001,ROU,1001.0,268.0,Romania
2002,ROU,3536.0,516.0,Romania
2003,ROU,762.0,203.0,Romania
2004,ROU,124.0,34.0,Romania
2005,ROU,162.0,64.0,Romania
2006,ROU,946.0,105.0,Romania
2007,ROU,2529.0,478.0,Romania
2008,ROU,373.0,91.0,Romania
2009,ROU,974.0,190.0,Romania
2010,ROU,206.0,70.0,Romania
2011,ROU,2195.0,340.0,Romania
2012,ROU,6624.0,911.0,Romania
2013,ROU,421.0,116.0,Romania
2014,ROU,217.0,83.0,Romania
2015,ROU,1671.0,250.0,Romania
2016,ROU,675.0,174.0,Romania
2017,ROU,2459.0,447.0,Romania
2018,ROU,1341.0,158.0,Romania
2019,ROU,2496.0,425.0,Romania
2020,ROU,5152.0,627.0,Romania
2021,ROU,2101.0,278.0,Romania
2022,ROU,13153.0,1021.0,Romania
2023,ROU,554.25,170.0,Romania
2024,ROU,10360.0,728.0,Romania
2009,SRB,712.0,67.0,Serbia
2010,SRB,4.0,3.0,Serbia
2011,SRB,5003.0,211.0,Serbia
2012,SRB,13226.0,318.0,Serbia
2013,SRB,1132.0,46.0,Serbia
2014,SRB,599.0,23.0,Serbia
2015,SRB,1474.0,68.0,Serbia
2016,SRB,843.0,45.0,Serbia
2017,SRB,4757.0,222.0,Serbia
2018,SRB,1502.0,62.0,Serbia
2019,SRB,9872.0,189.0,Serbia
2020,SRB,1417.0,81.0,Serbia
2021,SRB,1630.0,75.0,Serbia
2022,SRB,1053.0,66.0,Serbia
2023,SRB,358.0,33.0,Serbia
2024,SRB,6870.0,186.0,Serbia
1994,SVK,,366.0,Slovakia
1995,SVK,,254.0,Slovakia
1996,SVK,,662.0,Slovakia
1997,SVK,,535.0,Slovakia
1998,SVK,,1056.0,Slovakia
1999,SVK,557.0,426.0,Slovakia
2000,SVK,904.0,824.0,Slovakia
2001,SVK,305.0,311.0,Slovakia
2002,SVK,595.0,570.0,Slovakia
2003,SVK,1567.0,872.0,Slovakia
2004,SVK,157.0,153.0,Slovakia
2005,SVK,524.0,287.0,Slovakia
2006,SVK,280.0,237.0,Slovakia
2007,SVK,679.0,463.0,Slovakia
2008,SVK,118.0,182.0,Slovakia
2009,SVK,510.0,347.0,Slovakia
2010,SVK,192.0,127.0,Slovakia
2011,SVK,403.0,303.0,Slovakia
2012,SVK,1683.0,513.0,Slovakia
2013,SVK,270.0,233.0,Slovakia
2014,SVK,192.0,153.0,Slovakia
2015,SVK,353.0,242.0,Slovakia
2016,SVK,175.0,136.0,Slovakia
2017,SVK,295.0,162.0,Slovakia
2018,SVK,248.0,262.0,Slovakia
2019,SVK,462.0,210.0,Slovakia
2020,SVK,477.0,221.0,Slovakia
2021,SVK,159.0,101.0,Slovakia
2022,SVK,1210.0,297.0,Slovakia
2023,SVK,30.0,55.0,Slovakia
2024,SVK,81.73,186.0,Slovakia
2002,SVN,161.0,60.0,Slovenia
2003,SVN,2100.0,224.0,Slovenia
2004,SVN,138.0,51.0,Slovenia
2005,SVN,280.0,73.0,Slovenia
2006,SVN,1420.0,112.0,Slovenia
2007,SVN,128.0,140.0,Slovenia
2008,SVN,75.0,74.0,Slovenia
2009,SVN,177.0,120.0,Slovenia
2010,SVN,121.0,32.0,Slovenia
2011,SVN,288.0,114.0,Slovenia
2012,SVN,1006.0,168.0,Slovenia
2013,SVN,66.0,75.0,Slovenia
2014,SVN,18.0,35.0,Slovenia
2015,SVN,65.0,93.0,Slovenia
2016,SVN,526.0,90.0,Slovenia
2017,SVN,441.0,108.0,Slovenia
2018,SVN,20.0,32.0,Slovenia
2019,SVN,154.0,84.0,Slovenia
2020,SVN,118.0,120.0,Slovenia
2021,SVN,124.0,73.0,Slovenia
2022,SVN,4059.0,217.0,Slovenia
2023,SVN,118.0,40.0,Slovenia
2024,SVN,134.42,49.0,Slovenia
1998,SWE,422.0,2503.0,Sweden
1999,SWE,1771.0,4707.0,Sweden
2000,SWE,1552.0,4708.0,Sweden
2001,SWE,1254.0,4831.0,Sweden
2002,SWE,2626.0,6490.0,Sweden
2003,SWE,4002.0,8282.0,Sweden
2004,SWE,1883.0,4955.0,Sweden
2005,SWE,1562.0,4573.0,Sweden
2006,SWE,5710.0,4618.0,Sweden
2007,SWE,1090.0,3737.0,Sweden
2008,SWE,6113.0,5420.0,Sweden
2009,SWE,1537.0,4180.0,Sweden
2010,SWE,540.0,3120.0,Sweden
2011,SWE,945.0,3534.0,Sweden
2012,SWE,483.0,2213.0,Sweden
2013,SWE,1508.0,4878.0,Sweden
2014,SWE,14666.0,4374.0,Sweden
2015,SWE,594.0,2700.0,Sweden
2016,SWE,1288.0,5454.0,Sweden
2017,SWE,1433.0,5276.0,Sweden
2018,SWE,24310.0,8181.0,Sweden
2019,SWE,1233.0,5483.0,Sweden
2020,SWE,821.0,5305.0,Sweden
2021,SWE,731.0,4087.0,Sweden
2022,SWE,912.0,5189.0,Sweden
2023,SWE,894.0,4744.0,Sweden
2024,SWE,310.0,2867.0,Sweden
1990,CHE,1723.0,257.0,Switzerland
1991,CHE,96.0,152.0,Switzerland
1992,CHE,65.0,86.0,Switzerland
1993,CHE,37.0,83.0,Switzerland
1994,CHE,408.0,86.0,Switzerland
1995,CHE,446.0,96.0,Switzerland
1996,CHE,293.0,130.0,Switzerland
1997,CHE,1785.0,179.0,Switzerland
1998,CHE,274.0,121.0,Switzerland
1999,CHE,30.0,50.0,Switzerland
2000,CHE,70.0,70.0,Switzerland
2001,CHE,21.0,67.0,Switzerland
2002,CHE,681.0,117.0,Switzerland
2003,CHE,673.0,304.0,Switzerland
2004,CHE,31.0,94.0,Switzerland
2005,CHE,67.0,110.0,Switzerland
2006,CHE,127.0,110.0,Switzerland
2007,CHE,337.0,120.0,Switzerland
2008,CHE,68.0,63.0,Switzerland
2009,CHE,60.0,103.0,Switzerland
2010,CHE,27.0,88.0,Switzerland
2011,CHE,225.0,114.0,Switzerland
2012,CHE,30.0,75.0,Switzerland
2013,CHE,29.0,58.0,Switzerland
2014,CHE,46.0,60.0,Switzerland
2015,CHE,47.0,166.0,Switzerland
2016,CHE,454.0,82.0,Switzerland
2017,CHE,118.0,110.0,Switzerland
2018,CHE,69.0,153.0,Switzerland
2019,CHE,31.0,79.0,Switzerland
2020,CHE,26.0,78.0,Switzerland
2021,CHE,35.0,85.0,Switzerland
2022,CHE,322.0,115.0,Switzerland
2023,CHE,120.0,144.0,Switzerland
2024,CHE,42.0,46.0,Switzerland
1990,TUR,13742.0,1750.0,Turkey
1991,TUR,8081.0,1481.0,Turkey
1992,TUR,12232.0,2117.0,Turkey
1993,TUR,15393.0,2545.0,Turkey
1994,TUR,30828.0,3239.0,Turkey
1995,TUR,7676.0,1770.0,Turkey
1996,TUR,14922.0,1645.0,Turkey
1997,TUR,6517.0,1569.0,Turkey
1998,TUR,6764.0,1932.0,Turkey
1999,TUR,5804.0,2075.0,Turkey
2000,TUR,26653.0,2555.0,Turkey
2001,TUR,7394.0,2631.0,Turkey
2002,TUR,8514.0,1471.0,Turkey
2003,TUR,6644.0,2177.0,Turkey
2004,TUR,4876.0,1762.0,Turkey
2005,TUR,2821.0,1530.0,Turkey
2006,TUR,7762.0,2227.0,Turkey
2007,TUR,11664.0,2829.0,Turkey
2008,TUR,29749.0,2135.0,Turkey
2009,TUR,4679.0,1793.0,Turkey
2010,TUR,3517.0,1861.0,Turkey
2011,TUR,3612.0,1954.0,Turkey
2012,TUR,10455.0,2450.0,Turkey
2013,TUR,11456.0,3755.0,Turkey
2014,TUR,3117.0,2149.0,Turkey
2015,TUR,3219.0,2150.0,Turkey
2016,TUR,9156.0,3188.0,Turkey
2017,TUR,11992.0,2411.0,Turkey
2018,TUR,5644.0,2167.0,Turkey
2019,TUR,11332.0,2688.0,Turkey
2020,TUR,20971.0,3399.0,Turkey
2021,TUR,139503.0,2793.0,Turkey
2022,TUR,12799.0,2160.0,Turkey
2023,TUR,15520.0,2579.0,Turkey
2024,TUR,27485.0,3797.0,Turkey
2007,UKR,12731.0,5024.0,Ukraine
2008,UKR,4521.0,3231.0,Ukraine
2009,UKR,4575.0,4922.0,Ukraine
2010,UKR,1239.0,2368.0,Ukraine
2011,UKR,612.0,1761.0,Ukraine
2012,UKR,3311.0,1743.0,Ukraine
2013,UKR,220.0,806.0,Ukraine
2014,UKR,16677.0,1486.0,Ukraine
2015,UKR,2625.0,2225.0,Ukraine
2016,UKR,1101.0,945.0,Ukraine
2017,UKR,5474.0,2371.0,Ukraine
2018,UKR,1367.0,1297.0,Ukraine
2019,UKR,1065.0,1261.0,Ukraine
2020,UKR,74623.0,2598.0,Ukraine
2021,UKR,289.0,659.0,Ukraine
2022,UKR,18100.0,1098.0,Ukraine
2023,UKR,907.0,593.0,Ukraine
2024,UKR,23963.0,1993.0,Ukraine
